Title,Material,Estimated_Price,Length_mm,Width_mm,Height_mm,Volume_mm3,Feature_Count,Cycle_Time_min,Cost_per_mm3,CycleTime_per_Feature
Custom Stamping CNC Machining & Bending Precision Stainless Steel Parts Metal Fabrication Service with Wire EDM Technology,Steel,0.55,31.01,135.84,70.16,295541.87,5.0,66.11,2e-06,13.22
Custom Milling Machining Cnc Part 6061 7075 Aluminum Machined Part Cnc Turning Lathe Service Custom Cnc Turning For Bushing,Aluminum,0.55,101.66,95.51,18.7,181568.52,12.0,46.11,3e-06,3.84
OEM Custom Cnc Milling Turning Stainless Steel Aluminum Brass Metal Parts 5 Axis Cnc Machining Anodized Metal Services,Aluminum,1.55,138.65,52.36,76.12,552609.43,10.0,119.52,3e-06,11.95
Customized Metal Parts Stainless Steel Aluminum Turning Cutting Milling Precision Rapid Prototype Machining Service,Aluminum,1.55,132.75,129.49,65.13,1119571.51,5.0,230.91,1e-06,46.18
Custom CNC Fabrication Milling Parts Services Stainless Machining 4140 High Precision Parts 5 Axis CNC Components Precision,Other,2.0,58.32,53.0,22.77,70381.16,6.0,21.48,2.8e-05,3.58
Oem Custom Metal Kit CNC Processing Milled Aluminum Steel Copper Components Service Providing Quality CNC,Aluminum,2.0,36.63,109.4,15.67,62794.74,15.0,23.56,3.2e-05,1.57
Custom Stainless Steel Hardware Parts Precision Machining by CNC Milling & Wire EDM for Metal & Stainless Steel Projects,Steel,0.46,39.17,86.92,37.71,128389.59,8.0,33.88,4e-06,4.24
High Precision CNC Lathe Turning Milling Machining Parts Custom Quality Aluminum Stainless Steel Brass Fabrication Services,Aluminum,0.46,146.65,108.67,35.0,557775.94,14.0,122.16,1e-06,8.73
OEM High Precision CNC Machining Service Manufacturer Custom Turning Brass Stainless Steel Aluminum Parts,Aluminum,2.2,128.98,60.82,14.09,110529.9,10.0,31.11,2e-05,3.11
CNC Milling Machining Services Custom Oem Turning Milled Metal Parts Manufacturing Precision CNC Custom Services,Other,2.2,62.99,59.83,40.63,153121.94,10.0,39.62,1.4e-05,3.96
High Precision Custom Auto Spare Parts CNC Machining Mechanical Work,Other,0.51,42.65,120.55,40.83,209925.71,15.0,52.99,2e-06,3.53
Factory Cnc Manufacturing Milling Turned Components Machined Prototype Processing High Precision Custom Fabrication Services,Other,0.51,61.32,74.29,78.12,355872.75,6.0,78.57,1e-06,13.1
Shenzhen High Precision Oem Custom Plastic Mould Parts Cnc Machining Service,Other,6.53,120.89,117.4,24.74,351122.1,3.0,76.42,1.9e-05,25.47
High Precision 3/4/5 Axis Cnc Machining Aluminum Parts Factory Customized Stainless Steel 304 316 Non-standard,Aluminum,6.53,93.75,107.25,35.16,353522.81,5.0,77.7,1.8e-05,15.54
OEM Custom CNC Milling Turning Stainless Steel Aluminum Brass Metal Parts 5 Axis CNC Machining Services Spline Shaft,Aluminum,0.59,133.82,59.5,59.15,470969.45,6.0,101.59,1e-06,16.93
Wholesale CNC Machining Services Black Chrome Plating Aluminum Parts Milling Service For Custom Parts,Aluminum,0.59,96.24,87.83,45.66,385952.99,7.0,84.99,2e-06,12.14
Custom Manufacturing Cnc Machining Machined Metal Oem Aluminum Services Milling Parts Machining,Aluminum,0.52,45.84,131.39,44.57,268441.44,6.0,61.09,2e-06,10.18
CNC Manufacturing Suppliers Companies Prototype Turning Milling Metal Machine Components Precision OEM Machine,Other,0.52,53.44,126.11,51.0,343705.24,2.0,74.54,2e-06,37.27
High Precision Custom Made CNC Machining Turning Milling OEM Cnc Machined Aluminum Parts,Aluminum,0.7,87.59,77.73,36.26,246871.52,10.0,58.37,3e-06,5.84
China Oem Car Spare Cnc Machining Parts Automotive Spare Train Parts Railway Train Aluminum Parts,Aluminum,0.7,55.48,64.15,13.72,48830.06,12.0,19.57,1.4e-05,1.63
Custom Stainless CNC Turning-Milling Machining Services Cnc Machining Mould Parts,Other,0.99,33.49,91.46,70.67,216461.88,8.0,51.49,5e-06,6.44
BERGEK Oem Custom Abs/pvc/pc Nylon Plastic CNC Parts Urethane Plastic Shell Injection Molding Services Manufacturer,Other,0.99,56.44,143.72,17.16,139194.31,9.0,36.44,7e-06,4.05
Customized CNC Machining Parts CNC Machining Metal Mechanical Parts,Other,49.99,138.86,144.36,28.15,564290.1,11.0,122.26,8.9e-05,11.11
OEM Casting Services Lost Wax Investment Casting Products Stainless Steel Fabrication Services CNC,Steel,49.99,79.17,49.96,37.65,148918.29,5.0,36.78,0.000336,7.36
China Supplier Custom CNC Machining Stainless Steel Machining Aluminum Parts All Kinds of Eccentric Shaft,Aluminum,2.4,81.04,115.25,11.14,104046.04,5.0,27.81,2.3e-05,5.56
Copper & Stainless Steel 5 Axis CNC Machining Services Precision Parts Manufacturing Milling Letting Blanks Turning Techniques,Steel,2.4,117.73,41.5,11.53,56333.22,5.0,18.27,4.3e-05,3.65
Custom 5 Axis CNC Machining Service Milling Aluminum & Stainless Steel Parts,Aluminum,2.74,68.58,69.63,43.83,209298.13,13.0,52.06,1.3e-05,4.0
Custom Stainless Steel 304 316 CNC Machining And Deep Drawn Stamping Handle Machining Parts 5 Axis Service,Steel,2.74,69.35,73.42,13.96,71079.81,10.0,23.22,3.9e-05,2.32
CNC Machining Services Cnc Spare Parts Custom Precision Manufacture Fabrication Services Cnc,Other,3.5,129.09,39.29,20.19,102402.59,11.0,29.88,3.4e-05,2.72
Other Fabrication Services Anodized Aluminum Parts CNC Laser & Machining For Motorcycle Accessories Custom Turning Services,Aluminum,3.5,37.07,93.89,27.27,94913.3,13.0,29.18,3.7e-05,2.24
"OEM Cnc Machining Aluminum Parts Manufacturer,Aluminum 6061 7075 CNC Turning , Cheap Service",Aluminum,3.79,33.68,135.85,22.66,103679.2,6.0,28.14,3.7e-05,4.69
OEM Precision Metal Casting Factory Investment Casting Services For Machinery Parts CNC Machining Custom Lost Wax Casting,Other,3.79,131.7,61.75,56.75,461517.96,5.0,99.3,8e-06,19.86
5 Axis Cnc Machining Cnc Milling Parts Machining Services Cnc Custom Parts,Other,1.0,102.09,121.0,30.43,375898.44,15.0,86.18,3e-06,5.75
Custom Precision Machining Milling Turning CNC Metal Stainless Steel Parts,Steel,1.0,88.14,146.72,50.94,658751.03,12.0,141.55,2e-06,11.8
OEM Manufacturing Precision Component Metal Machining Parts Cnc Stainless Steel Custom Service,Steel,2.74,57.64,77.88,73.99,332141.35,8.0,74.63,8e-06,9.33
Custom Precision Cnc Machining Stainless Turning Steel Aluminum Parts OEM,Aluminum,2.74,33.84,92.56,72.11,225865.13,5.0,52.17,1.2e-05,10.43
Precision Customized Metal Part 304 Stainless Steel Aluminum Turning Cutting Milling Rapid Prototype Service,Aluminum,3.4,147.6,121.21,78.69,1407811.0,7.0,289.36,2e-06,41.34
5 Axis 3D Printing Brass Aluminum Stainless Steel Electronic Parts Anodized Laser Service Milling Turning,Aluminum,3.4,139.78,109.62,34.55,529398.72,7.0,113.68,6e-06,16.24
Customized Precision CNC Machining Parts,Other,0.44,128.59,43.69,66.62,374277.63,2.0,80.66,1e-06,40.33
Customized 5 Axis CNC Precision Turning Service for Aluminum Die-Casting Drilling Metal Communication Components Processing,Aluminum,0.44,39.22,43.17,26.13,44241.42,8.0,17.05,1e-05,2.13
Cheap Customized 4 Axis Cnc Machining Processing Services Milling Parts Cnc Machine Rapid Prototype,Other,0.9,99.76,126.09,47.33,595351.69,7.0,126.87,2e-06,18.12
Customized Precision Aluminum 2024 7075 Stainless Steel 303 316 304 416 CNC Machining Parts,Aluminum,0.9,131.2,110.94,73.94,1076220.95,14.0,225.84,1e-06,16.13
High Quality Customized Material CNC Machining Part /CNC Machining Service,Other,0.5,33.52,86.78,75.49,219590.26,15.0,54.92,2e-06,3.66
Dongguan Factory CNC Machining Stainless Steel CNC Manufacturing Hardware Parts Non-standard Parts,Steel,0.5,148.75,53.98,79.53,638588.12,8.0,135.92,1e-06,16.99
OEM Custom Cnc Quality Cnc Machining Custom Machining Parts Titanium Parts Aluminum Machined Parts,Aluminum,1.49,131.34,108.55,14.72,209862.41,7.0,49.77,7e-06,7.11
OEM Stainless Steel Tube Pin CNC Milling Parts Custom Machining Services Including Turning Milling Direct From Manufacturer,Steel,1.49,68.48,75.07,16.36,84103.38,5.0,23.82,1.8e-05,4.76
OEM Custom CNC Lathe Machining Services Turning Aluminum Milling Precision Metal Plastic CNC Machining Machine,Aluminum,0.7,106.84,116.61,17.04,212294.76,10.0,51.46,3e-06,5.15
High Quality Turning Parts Accessories Precision Aluminium Stainless Steel CNC Custom Car Machining Auto Spare Machinery,Steel,0.7,53.17,108.4,40.1,231121.48,6.0,53.62,3e-06,8.94
